seasonType,year,league,teamId,athleteId,appearances_value,subIns_value,foulsCommitted_value,foulsSuffered_value,yellowCards_value,redCards_value,ownGoals_value,goalAssists_value,offsides_value,shotsOnTarget_value,totalShots_value,totalGoals_value,shotsFaced_value,saves_value,goalsConceded_value,timestamp
13589,2025,NED.W.1,20796,95226,7,0,1,1,1,0,0,1,0,6,11,4,0,0,2,2025-12-02 06:06:06
13589,2025,NED.W.1,20114,219951,7,0,8,11,0,0,0,6,2,18,36,3,0,0,6,2025-12-02 06:06:07
13589,2025,NED.W.1,21977,219955,8,0,4,7,2,0,0,1,8,14,27,7,0,0,12,2025-12-02 06:06:06
13589,2025,NED.W.1,20800,235656,8,1,8,2,1,0,0,1,3,6,12,1,0,0,19,2025-12-02 06:06:08
13589,2025,NED.W.1,20802,235660,4,2,0,1,1,0,1,0,0,0,0,0,0,0,1,2025-12-02 06:06:09
13589,2025,NED.W.1,20797,242307,8,0,2,2,1,0,0,4,11,16,29,4,0,0,10,2025-12-02 06:06:09
13589,2025,NED.W.1,20802,250645,6,1,1,0,0,0,0,0,0,2,3,2,0,0,4,2025-12-02 06:06:09
13589,2025,NED.W.1,20802,252364,7,0,2,2,0,0,0,5,1,5,10,1,0,0,6,2025-12-02 06:06:09
13589,2025,NED.W.1,20798,257446,7,0,1,3,0,0,0,0,0,0,0,0,0,27,19,2025-12-02 06:06:06
13589,2025,NED.W.1,20802,257550,8,0,0,1,0,0,0,0,0,0,0,0,0,19,6,2025-12-02 06:06:09
13589,2025,NED.W.1,20114,257565,8,0,0,0,0,0,0,0,0,0,0,0,0,18,7,2025-12-02 06:06:07
13589,2025,NED.W.1,21978,264732,7,1,2,1,0,0,0,0,0,0,1,0,0,0,9,2025-12-02 06:06:07
13589,2025,NED.W.1,20984,270057,8,1,4,3,0,0,0,1,5,2,8,1,0,0,6,2025-12-02 06:06:08
13589,2025,NED.W.1,20984,287380,8,0,5,5,1,0,0,0,4,6,18,3,0,0,7,2025-12-02 06:06:08
13589,2025,NED.W.1,20797,292684,8,0,2,2,0,0,0,0,0,0,1,0,0,0,10,2025-12-02 06:06:09
13589,2025,NED.W.1,20984,295646,8,0,0,2,0,0,0,0,0,0,0,0,0,24,8,2025-12-02 06:06:08
13589,2025,NED.W.1,20114,295877,8,0,1,6,0,0,0,0,1,0,3,0,0,0,7,2025-12-02 06:06:07
13589,2025,NED.W.1,20984,295890,2,0,2,0,0,0,0,0,0,1,2,0,0,0,2,2025-12-02 06:06:08
13589,2025,NED.W.1,20984,307769,1,1,0,0,0,0,0,0,0,0,0,0,0,0,0,2025-12-02 06:06:08
13589,2025,NED.W.1,20802,309080,8,0,7,12,0,0,0,1,2,16,28,8,0,0,6,2025-12-02 06:06:09
13589,2025,NED.W.1,20796,309844,8,0,8,6,0,0,0,0,0,2,4,0,0,0,9,2025-12-02 06:06:06
13589,2025,NED.W.1,20984,309845,8,0,7,6,2,0,0,1,0,0,2,0,0,0,8,2025-12-02 06:06:08
13589,2025,NED.W.1,20984,309849,0,0,0,0,0,0,0,0,0,0,0,0,0,0,0,2025-12-02 06:06:08
13589,2025,NED.W.1,21978,309850,3,1,0,3,0,0,0,0,0,0,0,0,0,0,6,2025-12-02 06:06:07
13589,2025,NED.W.1,21977,309856,8,0,5,2,0,0,0,2,0,2,5,0,0,0,11,2025-12-02 06:06:06
13589,2025,NED.W.1,21978,309859,7,0,6,6,2,0,0,4,1,8,32,4,0,0,11,2025-12-02 06:06:07
13589,2025,NED.W.1,20802,309860,1,0,1,0,0,0,0,0,0,0,1,0,0,0,0,2025-12-02 06:06:09
13589,2025,NED.W.1,20802,309861,8,1,3,10,0,0,0,1,4,6,12,4,0,0,5,2025-12-02 06:06:09
13589,2025,NED.W.1,20800,309866,8,1,7,1,2,0,0,1,0,1,4,0,0,0,19,2025-12-02 06:06:08
13589,2025,NED.W.1,131397,309868,8,0,8,5,0,0,0,0,0,0,0,0,0,0,19,2025-12-02 06:06:08
13589,2025,NED.W.1,21977,309869,8,0,14,6,1,0,0,2,1,0,0,0,0,0,12,2025-12-02 06:06:06
13589,2025,NED.W.1,20984,309871,3,1,1,1,0,0,0,0,0,1,4,1,0,0,1,2025-12-02 06:06:08
13589,2025,NED.W.1,131397,309872,6,1,6,5,1,0,0,2,5,6,7,1,0,0,15,2025-12-02 06:06:08
13589,2025,NED.W.1,20114,309875,5,2,1,0,0,0,0,2,0,3,9,0,0,0,3,2025-12-02 06:06:07
13589,2025,NED.W.1,22538,309893,8,1,3,5,0,0,0,0,0,1,3,0,0,0,29,2025-12-02 06:06:08
13589,2025,NED.W.1,20796,309894,8,3,6,1,0,0,0,0,0,1,4,0,0,0,6,2025-12-02 06:06:06
13589,2025,NED.W.1,22538,309902,5,2,3,0,0,0,0,0,1,0,1,0,0,0,9,2025-12-02 06:06:08
13589,2025,NED.W.1,21977,309914,7,7,2,1,1,0,0,0,2,3,7,2,0,0,3,2025-12-02 06:06:06
13589,2025,NED.W.1,20796,309916,0,0,0,0,0,0,0,0,0,0,0,0,0,0,0,2025-12-02 06:06:06
13589,2025,NED.W.1,20114,309920,1,1,0,1,0,0,0,0,0,0,0,0,0,0,0,2025-12-02 06:06:07
13589,2025,NED.W.1,20802,309927,0,0,0,0,0,0,0,0,0,0,0,0,0,0,0,2025-12-02 06:06:09
13589,2025,NED.W.1,20114,309930,5,4,1,0,0,0,0,0,1,0,3,0,0,0,0,2025-12-02 06:06:07
13589,2025,NED.W.1,20984,309934,8,0,11,11,0,0,0,1,0,3,6,0,0,0,8,2025-12-02 06:06:08
13589,2025,NED.W.1,20797,309935,8,6,1,1,0,0,0,0,1,0,3,0,0,0,4,2025-12-02 06:06:09
13589,2025,NED.W.1,20800,309936,8,2,5,7,0,0,0,1,6,6,14,2,0,0,24,2025-12-02 06:06:08
13589,2025,NED.W.1,20799,309938,8,0,3,9,0,0,0,1,2,7,11,1,0,0,18,2025-12-02 06:06:07
13589,2025,NED.W.1,20796,309939,7,0,6,8,0,0,0,2,0,2,6,0,0,0,5,2025-12-02 06:06:06
13589,2025,NED.W.1,20796,309942,4,1,1,0,0,0,0,1,0,0,1,0,0,0,1,2025-12-02 06:06:06
13589,2025,NED.W.1,20802,309943,8,1,5,7,0,0,0,0,1,1,6,0,0,0,4,2025-12-02 06:06:09
13589,2025,NED.W.1,20802,309947,8,0,6,1,3,0,0,0,1,2,7,0,0,0,6,2025-12-02 06:06:09
13589,2025,NED.W.1,20802,309948,0,0,0,0,0,0,0,0,0,0,0,0,0,0,0,2025-12-02 06:06:09
13589,2025,NED.W.1,20796,309950,7,5,5,1,0,0,0,2,0,1,2,1,0,0,7,2025-12-02 06:06:06
13589,2025,NED.W.1,131397,309955,0,0,0,0,0,0,0,0,0,0,0,0,0,0,0,2025-12-02 06:06:08
13589,2025,NED.W.1,20797,309956,8,0,14,5,1,0,0,2,2,7,27,4,0,0,7,2025-12-02 06:06:09
13589,2025,NED.W.1,20114,309958,8,0,7,2,1,0,0,4,2,4,9,3,0,0,7,2025-12-02 06:06:07
13589,2025,NED.W.1,20800,309960,8,0,5,4,1,0,0,0,4,6,12,0,0,0,24,2025-12-02 06:06:08
13589,2025,NED.W.1,20984,309965,7,5,3,3,1,0,0,1,1,5,9,3,0,0,4,2025-12-02 06:06:08
13589,2025,NED.W.1,20800,309968,8,0,7,3,0,0,0,0,0,3,5,1,0,0,25,2025-12-02 06:06:08
13589,2025,NED.W.1,20114,309970,7,1,16,6,0,0,1,1,0,5,6,3,0,0,6,2025-12-02 06:06:07
13589,2025,NED.W.1,20799,309977,8,0,8,11,1,0,0,1,1,5,17,3,0,0,17,2025-12-02 06:06:07
13589,2025,NED.W.1,20798,309979,3,2,0,3,0,0,0,0,0,0,0,0,0,0,0,2025-12-02 06:06:06
13589,2025,NED.W.1,21977,309981,8,0,3,15,0,0,0,0,3,4,9,3,0,0,12,2025-12-02 06:06:06
13589,2025,NED.W.1,131397,309982,8,1,9,9,1,0,0,0,6,5,10,3,0,0,14,2025-12-02 06:06:08
13589,2025,NED.W.1,20802,309985,8,7,5,6,0,0,0,1,1,3,5,2,0,0,4,2025-12-02 06:06:09
13589,2025,NED.W.1,20984,309989,8,0,3,2,1,0,0,0,0,2,10,2,0,0,8,2025-12-02 06:06:08
13589,2025,NED.W.1,20984,309990,1,1,1,1,0,0,0,0,0,0,0,0,0,0,0,2025-12-02 06:06:08
13589,2025,NED.W.1,20798,309991,7,0,10,2,2,0,0,1,1,1,2,0,0,0,17,2025-12-02 06:06:06
13589,2025,NED.W.1,20114,309993,8,0,5,10,0,0,0,2,2,11,22,7,0,0,7,2025-12-02 06:06:07
13589,2025,NED.W.1,20114,311659,0,0,0,0,0,0,0,0,0,0,0,0,0,0,0,2025-12-02 06:06:07
13589,2025,NED.W.1,21977,312126,8,0,5,2,1,0,0,0,0,1,2,0,0,0,13,2025-12-02 06:06:06
13589,2025,NED.W.1,131397,312204,8,0,5,2,0,0,0,0,0,2,6,1,0,0,19,2025-12-02 06:06:08
13589,2025,NED.W.1,20796,312511,8,0,0,1,0,0,0,0,0,0,0,0,0,14,9,2025-12-02 06:06:06
13589,2025,NED.W.1,21978,312512,2,2,2,2,1,0,0,0,1,0,0,0,0,0,1,2025-12-02 06:06:07
13589,2025,NED.W.1,20796,313469,2,2,1,0,0,0,0,0,0,0,0,0,0,0,0,2025-12-02 06:06:06
13589,2025,NED.W.1,131397,314244,6,5,0,0,0,0,0,1,2,0,2,0,0,0,3,2025-12-02 06:06:08
13589,2025,NED.W.1,20802,314959,2,1,1,0,0,0,0,0,0,0,0,0,0,0,0,2025-12-02 06:06:09
13589,2025,NED.W.1,20800,315130,8,1,6,7,0,0,0,1,1,1,6,1,0,0,23,2025-12-02 06:06:08
13589,2025,NED.W.1,20797,315188,6,0,3,3,0,0,0,1,1,8,19,4,0,0,6,2025-12-02 06:06:09
13589,2025,NED.W.1,20802,316075,8,1,11,14,1,0,0,5,0,4,10,3,0,0,6,2025-12-02 06:06:09
13589,2025,NED.W.1,20796,316076,2,2,0,0,0,0,0,0,0,1,2,0,0,0,0,2025-12-02 06:06:06
13589,2025,NED.W.1,21977,316605,8,1,6,6,0,0,0,0,5,10,20,5,0,0,7,2025-12-02 06:06:06
13589,2025,NED.W.1,21978,316606,4,0,3,4,0,0,0,0,1,3,5,0,0,0,5,2025-12-02 06:06:07
13589,2025,NED.W.1,20798,317221,7,0,4,2,0,0,0,0,2,2,4,1,0,0,15,2025-12-02 06:06:06
13589,2025,NED.W.1,20799,317222,7,0,8,2,1,0,0,0,1,1,7,1,0,0,17,2025-12-02 06:06:07
13589,2025,NED.W.1,21978,317223,7,4,11,5,1,0,0,1,0,1,4,0,0,0,8,2025-12-02 06:06:07
13589,2025,NED.W.1,20798,318308,6,2,1,9,0,0,0,0,0,3,4,1,0,0,9,2025-12-02 06:06:06
13589,2025,NED.W.1,20796,318528,6,0,13,2,1,0,0,0,0,0,6,0,0,0,4,2025-12-02 06:06:06
13589,2025,NED.W.1,131397,319219,7,2,2,1,0,0,0,0,0,2,6,0,0,0,5,2025-12-02 06:06:08
13589,2025,NED.W.1,20114,319754,0,0,0,0,0,0,0,0,0,0,0,0,0,0,0,2025-12-02 06:06:07
13589,2025,NED.W.1,21977,324108,7,0,7,4,0,1,0,1,3,0,4,0,0,0,10,2025-12-02 06:06:06
13589,2025,NED.W.1,20800,324232,6,6,0,0,0,0,0,0,0,0,0,0,0,0,4,2025-12-02 06:06:08
13589,2025,NED.W.1,20114,324773,8,0,4,11,1,0,0,1,0,3,9,1,0,0,7,2025-12-02 06:06:07
13589,2025,NED.W.1,21978,324777,7,0,0,2,0,0,0,0,0,0,0,0,0,29,12,2025-12-02 06:06:07
13589,2025,NED.W.1,21978,324778,5,0,3,8,0,0,0,0,0,0,0,0,0,0,6,2025-12-02 06:06:07
13589,2025,NED.W.1,22538,325115,8,0,2,5,0,0,0,0,0,5,8,1,0,0,25,2025-12-02 06:06:08
13589,2025,NED.W.1,20800,325117,3,0,0,1,0,0,0,0,0,1,1,0,0,0,7,2025-12-02 06:06:08
13589,2025,NED.W.1,20114,325603,5,2,6,2,1,0,0,0,0,1,4,0,0,0,2,2025-12-02 06:06:07
13589,2025,NED.W.1,20798,325874,6,4,3,1,0,0,0,0,0,2,5,0,0,0,6,2025-12-02 06:06:06
13589,2025,NED.W.1,20800,325877,5,0,0,4,0,0,0,1,0,0,0,0,0,16,12,2025-12-02 06:06:08
13589,2025,NED.W.1,22538,325879,7,0,2,3,2,0,0,2,1,1,9,1,0,0,25,2025-12-02 06:06:08
13589,2025,NED.W.1,20797,325882,8,0,3,1,0,0,0,2,0,1,2,0,0,0,9,2025-12-02 06:06:09
13589,2025,NED.W.1,20800,325883,8,0,5,3,0,0,1,0,0,0,3,0,0,0,23,2025-12-02 06:06:08
13589,2025,NED.W.1,20984,325984,7,3,3,1,1,0,0,5,0,1,3,0,0,0,3,2025-12-02 06:06:08
13589,2025,NED.W.1,20799,325986,8,0,1,2,1,0,0,0,0,0,0,0,0,0,12,2025-12-02 06:06:07
13589,2025,NED.W.1,131397,328314,8,2,4,3,0,0,0,0,0,0,0,0,0,0,15,2025-12-02 06:06:08
13589,2025,NED.W.1,22538,328451,8,0,17,15,4,0,1,1,0,0,12,0,0,0,29,2025-12-02 06:06:08
13589,2025,NED.W.1,131397,328612,7,2,5,0,0,0,0,0,0,1,1,0,0,0,13,2025-12-02 06:06:08
13589,2025,NED.W.1,20984,329370,0,0,0,0,0,0,0,0,0,0,0,0,0,0,0,2025-12-02 06:06:08
13589,2025,NED.W.1,22538,329735,8,0,6,7,2,0,0,0,0,2,7,0,0,0,30,2025-12-02 06:06:08
13589,2025,NED.W.1,20114,330336,7,4,1,1,0,0,0,1,2,1,6,0,0,0,2,2025-12-02 06:06:07
13589,2025,NED.W.1,21977,330353,6,1,7,1,0,0,0,2,2,3,9,0,0,0,8,2025-12-02 06:06:06
13589,2025,NED.W.1,20799,331085,6,4,2,2,1,0,0,0,1,1,3,0,0,0,8,2025-12-02 06:06:07
13589,2025,NED.W.1,20984,331086,7,3,1,4,0,0,0,1,1,1,3,1,0,0,4,2025-12-02 06:06:08
13589,2025,NED.W.1,20802,331087,8,1,4,1,0,0,0,1,0,1,3,0,0,0,6,2025-12-02 06:06:09
13589,2025,NED.W.1,20797,332333,6,6,1,2,1,0,0,0,0,0,2,0,0,0,3,2025-12-02 06:06:09
13589,2025,NED.W.1,21977,333761,8,2,6,0,0,0,0,0,0,0,2,0,0,0,8,2025-12-02 06:06:06
13589,2025,NED.W.1,20797,333926,0,0,0,0,0,0,0,0,0,0,0,0,0,0,0,2025-12-02 06:06:09
13589,2025,NED.W.1,21978,334873,0,0,0,0,0,0,0,0,0,0,0,0,0,0,0,2025-12-02 06:06:07
13589,2025,NED.W.1,20796,334880,5,1,5,5,0,0,0,0,0,1,4,1,0,0,8,2025-12-02 06:06:06
13589,2025,NED.W.1,21978,334890,4,3,0,1,0,0,0,0,0,0,0,0,0,0,2,2025-12-02 06:06:07
13589,2025,NED.W.1,131397,334898,7,6,0,1,0,0,0,0,1,0,2,0,0,0,8,2025-12-02 06:06:08
13589,2025,NED.W.1,20114,334924,7,1,4,1,0,0,0,0,0,2,4,1,0,0,6,2025-12-02 06:06:07
13589,2025,NED.W.1,20798,334970,5,4,2,2,0,0,0,0,1,0,0,0,0,0,5,2025-12-02 06:06:06
13589,2025,NED.W.1,20799,335006,8,0,8,4,1,0,0,1,7,4,4,0,0,0,16,2025-12-02 06:06:07
13589,2025,NED.W.1,20800,335204,8,0,3,3,1,0,0,0,0,1,1,0,0,0,24,2025-12-02 06:06:08
13589,2025,NED.W.1,20798,338772,5,5,3,0,1,0,0,0,0,0,0,0,0,0,7,2025-12-02 06:06:06
13589,2025,NED.W.1,20798,340617,6,3,7,8,0,0,0,0,0,1,4,1,0,0,13,2025-12-02 06:06:06
13589,2025,NED.W.1,20798,340618,7,4,2,7,0,0,0,0,2,1,2,0,0,0,8,2025-12-02 06:06:06
13589,2025,NED.W.1,20799,340676,8,0,11,3,2,0,0,0,1,0,2,0,0,0,18,2025-12-02 06:06:07
13589,2025,NED.W.1,20114,347607,7,6,2,5,0,0,0,0,2,3,5,3,0,0,2,2025-12-02 06:06:07
13589,2025,NED.W.1,20114,347609,2,2,0,1,0,0,0,0,0,0,1,0,0,0,0,2025-12-02 06:06:07
13589,2025,NED.W.1,22538,350363,8,0,0,5,0,0,0,0,0,0,0,0,0,32,31,2025-12-02 06:06:08
13589,2025,NED.W.1,20799,350364,5,4,2,1,1,0,0,0,0,0,0,0,0,0,4,2025-12-02 06:06:07
13589,2025,NED.W.1,20114,350365,8,0,2,1,0,0,0,0,0,0,1,0,0,0,7,2025-12-02 06:06:07
13589,2025,NED.W.1,20800,350378,4,1,0,3,0,0,0,0,1,0,3,0,0,0,6,2025-12-02 06:06:08
13589,2025,NED.W.1,20797,350380,7,6,1,2,0,0,0,0,1,2,7,0,0,0,1,2025-12-02 06:06:09
13589,2025,NED.W.1,20800,350382,6,4,5,3,0,0,0,0,0,0,0,0,0,0,7,2025-12-02 06:06:08
13589,2025,NED.W.1,21978,350423,7,0,3,6,1,0,0,1,6,10,19,6,0,0,11,2025-12-02 06:06:07
13589,2025,NED.W.1,131397,350457,8,0,1,0,0,0,0,0,0,0,0,0,0,34,19,2025-12-02 06:06:08
13589,2025,NED.W.1,20799,350458,7,3,4,4,0,0,0,1,1,0,2,0,0,0,10,2025-12-02 06:06:07
13589,2025,NED.W.1,20799,350460,8,2,7,2,1,0,0,0,2,2,3,1,0,0,5,2025-12-02 06:06:07
13589,2025,NED.W.1,131397,350462,8,0,14,3,1,0,1,0,0,0,0,0,0,0,18,2025-12-02 06:06:08
13589,2025,NED.W.1,131397,350568,0,0,0,0,0,0,0,0,0,0,0,0,0,0,0,2025-12-02 06:06:08
13589,2025,NED.W.1,131397,350569,0,0,0,0,0,0,0,0,0,0,0,0,0,0,0,2025-12-02 06:06:08
13589,2025,NED.W.1,131397,350570,8,1,3,12,0,0,0,0,1,2,7,1,0,0,14,2025-12-02 06:06:08
13589,2025,NED.W.1,131397,350576,5,0,1,1,0,0,0,0,0,0,0,0,0,0,9,2025-12-02 06:06:08
13589,2025,NED.W.1,20797,350882,5,5,2,1,0,0,0,0,0,0,2,0,0,0,2,2025-12-02 06:06:09
13589,2025,NED.W.1,20797,350883,8,0,7,9,1,0,0,1,0,4,6,2,0,0,10,2025-12-02 06:06:09
13589,2025,NED.W.1,21977,350885,8,6,4,4,0,0,0,0,2,6,14,0,0,0,6,2025-12-02 06:06:06
13589,2025,NED.W.1,20984,351704,8,0,2,12,0,0,0,2,1,6,10,4,0,0,7,2025-12-02 06:06:08
13589,2025,NED.W.1,20798,351922,4,4,3,1,1,0,0,0,0,0,1,0,0,0,2,2025-12-02 06:06:06
13589,2025,NED.W.1,20799,351925,5,0,6,4,0,1,0,0,0,0,1,0,0,0,10,2025-12-02 06:06:07
13589,2025,NED.W.1,20797,352613,8,0,3,1,0,0,0,0,0,1,2,0,0,0,10,2025-12-02 06:06:09
13589,2025,NED.W.1,20797,352614,8,0,17,5,2,0,1,0,0,7,19,3,0,0,7,2025-12-02 06:06:09
13589,2025,NED.W.1,20799,353199,1,0,0,1,0,0,0,0,0,0,0,0,0,4,1,2025-12-02 06:06:07
13589,2025,NED.W.1,131397,353309,5,1,9,10,0,0,0,0,0,1,6,0,0,0,9,2025-12-02 06:06:08
13589,2025,NED.W.1,21977,353950,8,0,0,2,0,0,0,0,0,0,0,0,0,15,13,2025-12-02 06:06:06
13589,2025,NED.W.1,20796,355039,7,0,6,9,1,0,0,3,2,2,11,1,0,0,4,2025-12-02 06:06:06
13589,2025,NED.W.1,22538,355405,8,0,1,2,0,0,0,0,0,0,0,0,0,0,30,2025-12-02 06:06:08
13589,2025,NED.W.1,20798,355476,7,0,13,4,3,0,0,0,1,0,0,0,0,0,19,2025-12-02 06:06:06
13589,2025,NED.W.1,20797,358274,0,0,0,0,0,0,0,0,0,0,0,0,0,0,0,2025-12-02 06:06:09
13589,2025,NED.W.1,20984,358431,8,7,4,1,0,0,0,1,2,1,7,0,0,0,4,2025-12-02 06:06:08
13589,2025,NED.W.1,131397,358549,7,3,2,2,0,0,0,0,0,0,2,0,0,0,9,2025-12-02 06:06:08
13589,2025,NED.W.1,21977,359130,0,0,0,0,0,0,0,0,0,0,0,0,0,0,0,2025-12-02 06:06:06
13589,2025,NED.W.1,21978,359586,7,3,0,4,0,0,0,0,4,2,6,0,0,0,6,2025-12-02 06:06:07
13589,2025,NED.W.1,21978,359612,6,0,3,2,1,1,0,1,0,2,5,0,0,0,10,2025-12-02 06:06:07
13589,2025,NED.W.1,21977,359614,8,3,7,3,0,0,0,1,1,1,5,0,0,0,10,2025-12-02 06:06:06
13589,2025,NED.W.1,20802,359615,8,1,4,6,0,0,0,0,0,0,3,0,0,0,5,2025-12-02 06:06:09
13589,2025,NED.W.1,20799,359618,1,1,1,0,0,0,0,0,0,0,0,0,0,0,0,2025-12-02 06:06:07
13589,2025,NED.W.1,20802,359620,1,1,1,0,0,0,0,0,0,0,0,0,0,0,0,2025-12-02 06:06:09
13589,2025,NED.W.1,22538,359622,2,2,1,0,0,0,0,0,0,0,1,0,0,0,1,2025-12-02 06:06:08
13589,2025,NED.W.1,21977,359626,5,3,5,1,0,0,0,0,0,0,0,0,0,0,5,2025-12-02 06:06:06
13589,2025,NED.W.1,20802,359635,3,3,0,0,0,0,0,0,0,0,1,0,0,0,0,2025-12-02 06:06:09
13589,2025,NED.W.1,20802,359638,6,2,2,0,0,0,0,1,0,1,1,0,0,0,2,2025-12-02 06:06:09
13589,2025,NED.W.1,20800,359639,3,0,0,0,0,0,0,0,0,0,0,0,0,15,13,2025-12-02 06:06:08
13589,2025,NED.W.1,20800,359640,8,3,3,1,0,0,0,0,0,3,4,1,0,0,15,2025-12-02 06:06:08
13589,2025,NED.W.1,22538,359695,8,0,5,15,1,0,0,0,1,6,17,3,0,0,30,2025-12-02 06:06:08
13589,2025,NED.W.1,20798,359696,6,1,3,4,0,0,0,0,1,7,10,0,0,0,13,2025-12-02 06:06:06
13589,2025,NED.W.1,20798,359819,7,0,7,11,0,0,0,0,0,2,6,0,0,0,19,2025-12-02 06:06:06
13589,2025,NED.W.1,20984,360219,7,5,5,1,1,0,0,0,0,0,0,0,0,0,3,2025-12-02 06:06:08
13589,2025,NED.W.1,20796,361010,1,1,0,0,0,0,0,0,0,0,0,0,0,0,0,2025-12-02 06:06:06
13589,2025,NED.W.1,20799,362168,0,0,0,0,0,0,0,0,0,0,0,0,0,0,0,2025-12-02 06:06:07
13589,2025,NED.W.1,20984,366689,1,1,0,0,0,0,0,0,0,0,0,0,0,0,0,2025-12-02 06:06:08
13589,2025,NED.W.1,20796,369798,7,1,9,3,1,0,0,1,0,2,3,0,0,0,9,2025-12-02 06:06:06
13589,2025,NED.W.1,20796,369799,8,0,5,6,1,0,0,2,7,9,20,5,0,0,9,2025-12-02 06:06:06
13589,2025,NED.W.1,20796,369800,1,1,0,0,0,0,0,0,0,1,1,1,0,0,0,2025-09-24 05:10:18
13589,2025,NED.W.1,21978,369850,7,0,5,12,0,0,0,0,0,0,0,0,0,0,10,2025-12-02 06:06:07
13589,2025,NED.W.1,21978,369851,7,0,5,4,0,0,0,1,1,4,9,2,0,0,12,2025-12-02 06:06:07
13589,2025,NED.W.1,20800,369977,0,0,0,0,0,0,0,0,0,0,0,0,0,0,0,2025-12-02 06:06:08
13589,2025,NED.W.1,21977,370130,3,1,1,0,0,0,0,0,0,0,1,0,0,0,6,2025-12-02 06:06:06
13589,2025,NED.W.1,22538,370131,0,0,0,0,0,0,0,0,0,0,0,0,0,0,0,2025-12-02 06:06:08
13589,2025,NED.W.1,20799,370136,4,1,0,2,0,0,0,0,1,3,3,1,0,0,9,2025-12-02 06:06:07
13589,2025,NED.W.1,20797,370542,5,0,5,4,0,0,0,1,2,4,18,1,0,0,9,2025-12-02 06:06:09
13589,2025,NED.W.1,20797,370543,1,1,0,0,0,0,0,0,0,0,0,0,0,0,0,2025-12-02 06:06:09
13589,2025,NED.W.1,20797,370544,8,0,0,0,0,0,0,0,0,0,0,0,0,21,10,2025-12-02 06:06:09
13589,2025,NED.W.1,21977,370559,1,1,0,0,0,0,0,0,0,0,0,0,0,0,0,2025-12-02 06:06:06
13589,2025,NED.W.1,21977,370560,5,2,4,2,2,0,0,1,2,1,5,0,0,0,4,2025-12-02 06:06:06
13589,2025,NED.W.1,20800,370561,7,6,8,9,0,0,0,0,0,3,7,0,0,0,8,2025-12-02 06:06:08
13589,2025,NED.W.1,21977,370562,3,2,2,0,0,0,0,0,0,0,0,0,0,0,3,2025-12-02 06:06:06
13589,2025,NED.W.1,20984,370792,1,1,0,0,0,0,0,0,0,0,0,0,0,0,0,2025-12-02 06:06:08
13589,2025,NED.W.1,20796,374083,0,0,0,0,0,0,0,0,0,0,0,0,0,0,0,2025-12-02 06:06:06
13589,2025,NED.W.1,20800,374810,0,0,0,0,0,0,0,0,0,0,0,0,0,0,0,2025-12-02 06:06:08
13589,2025,NED.W.1,21978,374815,6,5,2,2,0,0,0,0,1,2,5,1,0,0,3,2025-12-02 06:06:07
13589,2025,NED.W.1,20797,376238,0,0,0,0,0,0,0,0,0,0,0,0,0,0,0,2025-12-02 06:06:09
13589,2025,NED.W.1,20984,376656,5,4,0,1,0,0,0,0,0,0,1,0,0,0,0,2025-12-02 06:06:08
13589,2025,NED.W.1,20798,377514,2,0,0,3,0,0,0,0,0,1,2,0,0,0,3,2025-12-02 06:06:06
13589,2025,NED.W.1,20984,377828,3,3,2,0,0,0,0,0,0,1,2,1,0,0,1,2025-12-02 06:06:08
13589,2025,NED.W.1,21978,379801,0,0,0,0,0,0,0,0,0,0,0,0,0,0,0,2025-12-02 06:06:07
13589,2025,NED.W.1,22538,379844,4,4,0,0,0,0,0,0,0,0,0,0,0,0,4,2025-12-02 06:06:08
13589,2025,NED.W.1,20798,380112,7,0,8,10,0,0,0,0,0,1,1,0,0,0,18,2025-12-02 06:06:06
13589,2025,NED.W.1,20796,380461,5,0,6,7,1,0,0,0,0,1,4,0,0,0,1,2025-12-02 06:06:06
13589,2025,NED.W.1,20796,380462,7,3,5,3,2,0,0,1,1,2,5,1,0,0,8,2025-12-02 06:06:06
13589,2025,NED.W.1,20114,380464,6,1,2,3,0,0,0,2,2,5,15,3,0,0,5,2025-12-02 06:06:07
13589,2025,NED.W.1,20796,380466,3,1,1,2,0,0,0,0,3,4,4,1,0,0,1,2025-12-02 06:06:06
13589,2025,NED.W.1,21977,380468,2,2,0,0,0,0,0,0,0,0,1,0,0,0,0,2025-12-02 06:06:06
13589,2025,NED.W.1,131397,380469,0,0,0,0,0,0,0,0,0,0,0,0,0,0,0,2025-12-02 06:06:08
13589,2025,NED.W.1,21977,380470,1,1,0,0,0,0,0,0,0,0,0,0,0,0,0,2025-12-02 06:06:06
13589,2025,NED.W.1,20796,380472,6,4,0,8,1,0,0,0,1,3,3,2,0,0,4,2025-12-02 06:06:06
13589,2025,NED.W.1,20796,380474,7,3,3,6,0,0,0,1,2,5,12,3,0,0,8,2025-12-02 06:06:06
13589,2025,NED.W.1,20800,380559,2,2,0,0,0,0,0,0,0,0,0,0,0,0,1,2025-12-02 06:06:08
13589,2025,NED.W.1,20114,381092,8,3,4,4,1,0,0,1,2,6,10,2,0,0,3,2025-12-02 06:06:07
13589,2025,NED.W.1,20799,381123,2,2,0,4,0,0,0,0,1,0,0,0,0,0,2,2025-12-02 06:06:07
13589,2025,NED.W.1,21978,381679,0,0,0,0,0,0,0,0,0,0,0,0,0,0,0,2025-12-02 06:06:07
13589,2025,NED.W.1,20796,384386,4,4,0,1,0,0,0,0,0,1,2,1,0,0,4,2025-12-02 06:06:06
13589,2025,NED.W.1,20802,388887,8,0,7,11,0,0,0,2,5,4,16,2,0,0,3,2025-12-02 06:06:09
13589,2025,NED.W.1,20984,391330,0,0,0,0,0,0,0,0,0,0,0,0,0,0,0,2025-12-02 06:06:08
13589,2025,NED.W.1,20799,391450,5,5,2,2,0,0,0,0,1,1,1,0,0,0,4,2025-12-02 06:06:07
13589,2025,NED.W.1,20984,392699,7,0,3,1,0,0,0,0,0,4,4,2,0,0,7,2025-12-02 06:06:08
13589,2025,NED.W.1,20799,392701,7,0,0,1,0,0,0,0,0,0,0,0,0,27,17,2025-12-02 06:06:07
13589,2025,NED.W.1,20799,392702,6,0,8,6,1,0,0,0,0,0,0,0,0,0,11,2025-12-02 06:06:07
13589,2025,NED.W.1,20799,392703,4,1,1,1,0,0,0,0,0,0,2,0,0,0,6,2025-12-02 06:06:07
13589,2025,NED.W.1,131397,392843,7,2,6,5,1,0,0,0,0,0,2,0,0,0,13,2025-12-02 06:06:08
13589,2025,NED.W.1,21978,392845,6,5,1,2,0,0,0,0,0,0,0,0,0,0,2,2025-12-02 06:06:07
13589,2025,NED.W.1,20802,392959,0,0,0,0,0,0,0,0,0,0,0,0,0,0,0,2025-12-02 06:06:09
13589,2025,NED.W.1,20797,392972,3,3,0,0,0,0,0,0,0,0,0,0,0,0,0,2025-12-02 06:06:09
13589,2025,NED.W.1,21978,393019,0,0,0,0,0,0,0,0,0,0,0,0,0,0,0,2025-12-02 06:06:07
13589,2025,NED.W.1,20798,393431,1,1,1,0,0,0,0,0,0,0,1,0,0,0,0,2025-12-02 06:06:06
13589,2025,NED.W.1,20798,393433,7,0,4,0,0,0,0,1,0,0,0,0,0,0,16,2025-12-02 06:06:06
13589,2025,NED.W.1,20798,393434,7,0,3,4,0,0,0,0,2,2,2,0,0,0,15,2025-12-02 06:06:06
13589,2025,NED.W.1,20799,394456,0,0,0,0,0,0,0,0,0,0,0,0,0,0,0,2025-12-02 06:06:07
13589,2025,NED.W.1,20799,394457,2,2,2,0,0,0,0,0,0,0,0,0,0,0,2,2025-12-02 06:06:07
13589,2025,NED.W.1,21978,394488,6,1,1,3,1,0,0,0,0,3,4,1,0,0,10,2025-12-02 06:06:07
13589,2025,NED.W.1,21978,395811,4,0,2,1,0,0,0,1,0,0,2,0,0,0,7,2025-12-02 06:06:07
13589,2025,NED.W.1,20799,396000,0,0,0,0,0,0,0,0,0,0,0,0,0,0,0,2025-12-02 06:06:07
13589,2025,NED.W.1,20798,396747,0,0,0,0,0,0,0,0,0,0,0,0,0,0,0,2025-12-02 06:06:06
13589,2025,NED.W.1,20800,396874,7,0,5,15,2,0,0,2,2,7,15,1,0,0,18,2025-12-02 06:06:08
13589,2025,NED.W.1,131397,397586,8,7,1,1,0,0,0,0,0,0,2,0,0,0,7,2025-12-02 06:06:08
13589,2025,NED.W.1,20798,399598,3,3,1,0,0,0,0,0,0,0,0,0,0,0,0,2025-12-02 06:06:06
13589,2025,NED.W.1,20798,400024,0,0,0,0,0,0,0,0,0,0,0,0,0,0,0,2025-12-02 06:06:06
13589,2025,NED.W.1,22538,400148,5,5,0,2,0,0,0,0,1,1,2,0,0,0,4,2025-12-02 06:06:08
13589,2025,NED.W.1,22538,400150,7,0,7,3,1,0,0,1,2,0,2,0,0,0,27,2025-12-02 06:06:08
13589,2025,NED.W.1,22538,400151,5,4,1,1,0,0,0,0,0,0,0,0,0,0,6,2025-12-02 06:06:08
13589,2025,NED.W.1,22538,400152,8,0,7,2,0,0,1,0,1,1,4,1,0,0,30,2025-12-02 06:06:08
13589,2025,NED.W.1,22538,400154,3,2,0,0,0,0,0,0,0,0,0,0,0,0,5,2025-12-02 06:06:08
13589,2025,NED.W.1,22538,400155,1,1,0,0,0,0,0,0,0,0,0,0,0,0,0,2025-12-02 06:06:08
13589,2025,NED.W.1,22538,400161,2,2,0,0,0,0,0,0,0,0,0,0,0,0,1,2025-12-02 06:06:08
13589,2025,NED.W.1,22538,400162,0,0,0,0,0,0,0,0,0,0,0,0,0,0,0,2025-12-02 06:06:08
13589,2025,NED.W.1,20802,400187,0,0,0,0,0,0,0,0,0,0,0,0,0,0,0,2025-12-02 06:06:09
13589,2025,NED.W.1,20800,402346,1,1,1,1,0,0,0,0,0,0,0,0,0,0,0,2025-12-02 06:06:08
13589,2025,NED.W.1,21978,405326,5,5,1,0,0,0,0,2,0,2,4,1,0,0,0,2025-12-02 06:06:07
13589,2025,NED.W.1,20114,405346,1,1,0,0,0,0,0,0,0,0,1,0,0,0,0,2025-12-02 06:06:07
13589,2025,NED.W.1,21977,405348,3,3,0,0,0,0,0,0,0,1,1,0,0,0,0,2025-12-02 06:06:06
13589,2025,NED.W.1,21977,408183,0,0,0,0,0,0,0,0,0,0,0,0,0,0,0,2025-12-02 06:06:06
13589,2025,NED.W.1,20802,409579,6,6,1,0,0,0,0,1,0,0,0,0,0,0,2,2025-12-02 06:06:09
13589,2025,NED.W.1,20798,410346,3,3,0,1,0,0,0,0,0,0,1,0,0,0,5,2025-12-02 06:06:06
13589,2025,NED.W.1,20800,410347,4,4,2,0,0,0,0,0,0,0,0,0,0,0,3,2025-12-02 06:06:08
13589,2025,NED.W.1,20799,410349,3,3,0,0,0,0,0,0,0,0,0,0,0,0,2,2025-12-02 06:06:07
13589,2025,NED.W.1,20799,410350,5,2,2,2,0,0,0,0,0,0,2,0,0,0,8,2025-12-02 06:06:07
13589,2025,NED.W.1,22538,410359,6,1,4,1,0,0,0,1,1,0,6,0,0,0,14,2025-12-02 06:06:08
13589,2025,NED.W.1,22538,410360,6,5,4,1,0,0,0,0,0,1,1,0,0,0,11,2025-12-02 06:06:08
13589,2025,NED.W.1,22538,410361,0,0,0,0,0,0,0,0,0,0,0,0,0,0,0,2025-12-02 06:06:08
13589,2025,NED.W.1,20984,410365,8,0,4,15,0,0,0,2,0,4,10,2,0,0,7,2025-12-02 06:06:08
13589,2025,NED.W.1,131397,410374,0,0,0,0,0,0,0,0,0,0,0,0,0,0,0,2025-12-02 06:06:08
13589,2025,NED.W.1,131397,410485,0,0,0,0,0,0,0,0,0,0,0,0,0,0,0,2025-12-02 06:06:08
13589,2025,NED.W.1,20797,410593,6,4,1,2,2,0,0,2,1,2,10,0,0,0,2,2025-12-02 06:06:09
13589,2025,NED.W.1,21978,411171,3,3,2,1,0,0,0,0,0,0,0,0,0,0,0,2025-12-02 06:06:07
13589,2025,NED.W.1,21977,411581,0,0,0,0,0,0,0,0,0,0,0,0,0,0,0,2025-12-02 06:06:06
13589,2025,NED.W.1,20800,411589,0,0,0,0,0,0,0,0,0,0,0,0,0,0,0,2025-12-02 06:06:08
13589,2025,NED.W.1,21977,412305,0,0,0,0,0,0,0,0,0,0,0,0,0,0,0,2025-12-02 06:06:06
13589,2025,NED.W.1,131397,414364,0,0,0,0,0,0,0,0,0,0,0,0,0,0,0,2025-12-02 06:06:08
13589,2025,NED.W.1,21978,414371,0,0,0,0,0,0,0,0,0,0,0,0,0,0,0,2025-12-02 06:06:07
13589,2025,NED.W.1,21977,414765,0,0,0,0,0,0,0,0,0,0,0,0,0,0,0,2025-12-02 06:06:06
13589,2025,NED.W.1,22538,415059,1,1,0,0,0,0,0,0,0,0,0,0,0,0,0,2025-12-02 06:06:08
